Data_Hora,idTweet,Tweet,Candidato,Tweet_limpo
2022-07-30 23:22:03+00:00,1553521334897999874,@LulaOficial A TODOS OS DEMOCRATAS: ASSINEM!!! Carta Ã s brasileiras e aos brasileiros em defesa do Estado DemocrÃ¡tico de Direito! https://t.co/GmGQrJ7koe,Lula, a todos os democratas: assinem!!! carta Ã s brasileiras e aos brasileiros em defesa do estado democrÃ¡tico de direito! .co/gmgqrj7koe
2022-07-30 23:22:03+00:00,1553521332272480256,"@angelobiazus1 @SilvioN34576400 @reinaldoazevedo PÃ´ manÃ©... Passa esse atestado nÃ£o. 
Tivemos a Dilma e o Lula como representantes da esquerda. 
Eles mal conseguem ser coerentes no q falam, quanto mais no q escrevem.",Lula,"   pÃ´ manÃ©... passa esse atestado nÃ£o. tivemos a dilma e o lula como representantes da esquerda. eles mal conseguem ser coerentes no q falam, quanto mais no q escrevem."
2022-07-30 23:22:03+00:00,1553521331417006080,"@PaolaSDaniel TADINHA DA PAOLA, DODOIZINHA DA CABEÃ‡A.

LULA E MORO NO MESMO PALANQUE? KKKKKKKK",Lula," tadinha da paola, dodoizinha da cabeÃ§a.lula e moro no mesmo palanque? kkkkkkkk"
2022-07-30 23:22:02+00:00,1553521329709645824,"@LulaOficial Quando a petezada perceber, tu tÃ¡ fu.",Lula," quando a petezada perceber, tu tÃ¡ fu."
2022-07-30 23:22:02+00:00,1553521328556101632,@JoaoMeiraNeto63 @reinaldoazevedo Bora saudar a mandioca e os meninos do lula que gostam de socializar celulares e apontar furadeiras para as vÃ­timas,Lula,  bora saudar a mandioca e os meninos do lula que gostam de socializar celulares e apontar furadeiras para as vÃ­timas
2022-07-30 23:22:01+00:00,1553521325989314560,O @LulaOficial investiu parte do nosso dinheiro em Cuba e na Venezuela a outra roubou.,Lula,o  investiu parte do nosso dinheiro em cuba e na venezuela a outra roubou.
2022-07-30 23:22:01+00:00,1553521323820949505,@LulaOficial Kkkkkk e eu quero que seu aviÃ£o CAIA no mar e vc tenha o mesmo destino do Ulysses GuimarÃ£es..virou comida de TUBARÃƒO,Lula, kkkkkk e eu quero que seu aviÃ£o caia no mar e vc tenha o mesmo destino do ulysses guimarÃ£es..virou comida de tubarÃ£o
2022-07-30 23:22:00+00:00,1553521321568600065,@LulaOficial @dilmabr O cara diz que fez 88% e nada de ÃGUA. AÃ­ o outro vai e faz 5% e leva Ã¡gua pra populaÃ§Ã£o. Ã‰ muita incompetÃªncia da PTralhada.,Lula,  o cara diz que fez 88% e nada de Ã¡gua. aÃ­ o outro vai e faz 5% e leva Ã¡gua pra populaÃ§Ã£o. Ã© muita incompetÃªncia da ptralhada.
2022-07-30 23:21:59+00:00,1553521315901997060,@Bozo22naCadeia @Nilsonhandebol @LulaOficial Seguindo.  ğŸš©,Lula,   seguindo.  ğŸš©
2022-07-30 23:21:58+00:00,1553521312554958849,@LulaOficial https://t.co/TFXeaN8L73,Lula, .co/tfxean8l73
2022-07-30 23:21:58+00:00,1553521311045017604,@ThiagoResiste Ã‰ lula ladrÃ£o,Lula, Ã© lula ladrÃ£o
2022-07-30 23:21:56+00:00,1553521302002176000,Lula Ã© um polÃ­tico relevante. Acho que a Sofia esqueceu disso. https://t.co/YG5LYBMqRA,Lula,lula Ã© um polÃ­tico relevante. acho que a sofia esqueceu disso. .co/yg5lybmqra
2022-07-30 23:21:55+00:00,1553521301440139271,"@LulaOficial @ricardostuckert Eu amo o meu PaÃ­s.
â¤ï¸ Bolsonaro â¤ï¸
Ganha no primeiro turno ğŸ’• https://t.co/9bypwi7ZMW",Lula,  eu amo o meu paÃ­s.â¤ï¸ bolsonaro â¤ï¸ganha no primeiro turno ğŸ’• .co/9bypwi7zmw
2022-07-30 23:21:55+00:00,1553521300827668481,"@duduzinho_10 @LulaOficial Somos a vergonha para os
Corruptos iguais aquele que vc apoia. Bolsonaro 22",Lula,  somos a vergonha para oscorruptos iguais aquele que vc apoia. bolsonaro 22
2022-07-30 23:21:55+00:00,1553521298856370176,"@renancalheiros @lulando13 @LuciaAzev16 @LulaOficial Onde esconder dinheiro.
Como comprar deputado.
Espera...
Ciro jÃ¡ sabe disso.",Lula,    onde esconder dinheiro.como comprar deputado.espera...ciro jÃ¡ sabe disso.
2022-07-30 23:21:55+00:00,1553521298256666624,@LulaOficial https://t.co/QuKZnN6x3v,Lula, .co/qukznn6x3v
2022-07-30 23:21:55+00:00,1553521297539350528,@renancalheiros @LulaOficial Renan e sua â€œ honestidadeâ€! Cria vergonha na cara! ğŸ€ https://t.co/SqzVIHv5Ta,Lula,  renan e sua â€œ honestidadeâ€! cria vergonha na cara! ğŸ€ .co/sqzvihv5ta
2022-07-30 23:21:54+00:00,1553521293957378048,"Foram centenas de milhares de assinaturas da Carta pela democracia, quando assinar vamos demostrar escrevendo a hastag abaixo:

ğŸš¨ #AssineiCartaPelaDemocracia ğŸš¨
 https://t.co/gvxzpTlByi

#VamosJuntasPeloBrasil 
#LulaNoPrimeiroTurno
#REESTARIZAaELETROBRAS 
@LulaOficial 
@gleisi",Lula,"foram centenas de milhares de assinaturas da carta pela democracia, quando assinar vamos demostrar escrevendo a hastag abaixo:ğŸš¨  ğŸš¨ .co/gvxzptlbyi#vamosjuntaspelobrasil   "
2022-07-30 23:21:53+00:00,1553521292569182211,@ChernobylKkk @Romzinha O que vc fez pro Lula te bloquear fi?,Lula,  o que vc fez pro lula te bloquear fi?
2022-07-30 23:21:52+00:00,1553521287972134920,@LulaOficial @ricardostuckert https://t.co/PBqTTwYJH6,Lula,  .co/pbqttwyjh6
2022-07-30 23:21:52+00:00,1553521285816373251,@viniciuscfp82 @reinaldoazevedo Famoso duas caras!!! O que fez ele mudar o discurso e passar a apoiar o Lula e seu bando?,Lula,  famoso duas caras!!! o que fez ele mudar o discurso e passar a apoiar o lula e seu bando?
2022-07-30 23:21:51+00:00,1553521283282993155,@LulaOficial Sindicato sÃ³ serve pra tirar dinheiro do trabalhador!!!,Lula, sindicato sÃ³ serve pra tirar dinheiro do trabalhador!!!
2022-07-30 23:21:51+00:00,1553521281823293440,"@LulaOficial Vira o disco, quem tÃ¡ se iludindo aÃ­ Ã© tu, tu sabe a verdade, todo mundo sabe da tua corja dentro por trÃ¡s dos bastidores.",Lula," vira o disco, quem tÃ¡ se iludindo aÃ­ Ã© tu, tu sabe a verdade, todo mundo sabe da tua corja dentro por trÃ¡s dos bastidores."
2022-07-30 23:21:50+00:00,1553521277037694980,@CamiloSantanaCE @ricardostuckert @LulaOficial @elmanofreitaspt Mostra o vÃ­deo tio,Lula,    mostra o vÃ­deo tio
2022-07-30 23:21:50+00:00,1553521276739796993,@folha Bolsonaro chama Lula de LADRAO,Lula, bolsonaro chama lula de ladrao
2022-07-30 23:21:48+00:00,1553521271475929089,@renancalheiros @LulaOficial VocÃªs precisam roubar mais?!,Lula,  vocÃªs precisam roubar mais?!
2022-07-30 23:21:47+00:00,1553521266098950144,@LulaOficial @dilmabr Tiveram 16 anos para isso porra.,Lula,  tiveram 16 anos para isso porra.
2022-07-30 23:21:47+00:00,1553521265692008455,@LulaOficial Luladrao seu lugar Ã© na prisÃ£o,Lula, luladrao seu lugar Ã© na prisÃ£o
2022-07-30 23:21:46+00:00,1553521263192248320,"@marivalentimdf O que tem Ã© que a enorme maioria que repudiava o Lula e o PT nas eleiÃ§Ãµes municipais de 2016, na Ã©poca do impeachment da Dilma e nas eleiÃ§Ãµes de 2018, nessas eleiÃ§Ãµes resolveu apoiÃ¡-lo.",Lula," o que tem Ã© que a enorme maioria que repudiava o lula e o pt nas eleiÃ§Ãµes municipais de 2016, na Ã©poca do impeachment da dilma e nas eleiÃ§Ãµes de 2018, nessas eleiÃ§Ãµes resolveu apoiÃ¡-lo."
2022-07-30 23:21:46+00:00,1553521262441414657,"@BolsonaroSP @Astro_Pontes @AragaoMosart Ah, mas o Lula nÃ£o sai nas ruas.

ğŸ¥ @ricardostuckert https://t.co/yREZ6iaDeK",Lula,"   ah, mas o lula nÃ£o sai nas ruas.ğŸ¥  .co/yrez6iadek"
2022-07-30 23:21:46+00:00,1553521259836760082,"@marcosbalbi1 Olha na boa, eu nÃ£o vi nenhuma menÃ§Ã£o ao Lula e tambÃ©m nenhuma mentira, atÃ© quando os patriotas vÃ£o continuar apoiando a destruiÃ§Ã£o do povo brasileiro, rindo de mortes, brincando com desmatamento tudo para chamar um homem ruim de alma de mito? Que patriotismo Ã© este?",Lula," olha na boa, eu nÃ£o vi nenhuma menÃ§Ã£o ao lula e tambÃ©m nenhuma mentira, atÃ© quando os patriotas vÃ£o continuar apoiando a destruiÃ§Ã£o do povo brasileiro, rindo de mortes, brincando com desmatamento tudo para chamar um homem ruim de alma de mito? que patriotismo Ã© este?"
2022-07-30 23:21:45+00:00,1553521258188476417,@marcofeliciano Todos somos comparÃ§a do Lula https://t.co/2wIVKsHmgt,Lula, todos somos comparÃ§a do lula .co/2wivkshmgt
2022-07-30 23:21:45+00:00,1553521257970225152,@flferronato LULA PRESIDENTE https://t.co/m5YRnLlgAF,Lula, lula presidente .co/m5yrnllgaf
2022-07-30 23:21:44+00:00,1553521252236607488,@SamuelFelix13PT @SpaceAllBR @CyberRebel3 @MKanvec @sequeira_kg @neloiav @MoraesPT13 @Alexand92840726 @prudentemarlene @lacerdaeh @AlexandrePT13CV @LulaOficial @EsquerdaSil @Simonycorredora @profrafic @BruckerMarcos @lolaescreva @hilde_angel @adrianasp63 @BallackSena @Casnasc01 @Dandarosa2021 @elaineazevedo75 @fefejunqueira @Gledsonferleite @JairSoa84995255 @Lairerosado1 @ManoJuOliveira1 @RenatoAntonini @SSkatelli @Andrea1Ortega @claudimarbr @DimitrievH @EndubsarA @francisconf1966 @jorge_pequeno @LuciaAlencar16 @mariste73771659 @NoraTeles @ProfessorLopes @rosepaixao_on @TurandotPathy @williambassane2 @Haddad_Fernando @heldersalomao @gleisi Lula Ã© a nossa esperanÃ§a de mudanÃ§a! ğŸ™ŒğŸ¼ğŸ™ŒğŸ¼ğŸ‘ŠğŸ‡»ğŸ‡³ğŸ‡»ğŸ‡³ğŸ‡»ğŸ‡³#LulaEoPTReconstruirOBrasil,Lula,                                              lula Ã© a nossa esperanÃ§a de mudanÃ§a! ğŸ™ŒğŸ¼ğŸ™ŒğŸ¼ğŸ‘ŠğŸ‡»ğŸ‡³ğŸ‡»ğŸ‡³ğŸ‡»ğŸ‡³
2022-07-30 23:21:43+00:00,1553521251058126848,@LulaOficial @dilmabr #bolsonaromentiroso,Lula,  
2022-07-30 23:21:43+00:00,1553521249950830598,@LulaOficial @ricardostuckert https://t.co/aPKcFGEAvt,Lula,  .co/apkcfgeavt
2022-07-30 23:21:43+00:00,1553521248344350721,"Lula Ã© o maior corrupto, ladrÃ£o,mentiroso e chefe de quadrilha do mundo !! Um verdadeiro marginal ligado ao narcotrÃ¡fico do PCC.
2ï¸âƒ£2ï¸âƒ£PÃ¡tria AmadağŸ‡§ğŸ‡·ğŸ‡§ğŸ‡·!! https://t.co/oyqKb7FQbd",Lula,"lula Ã© o maior corrupto, ladrÃ£o,mentiroso e chefe de quadrilha do mundo !! um verdadeiro marginal ligado ao narcotrÃ¡fico do pcc.2ï¸âƒ£2ï¸âƒ£pÃ¡tria amadağŸ‡§ğŸ‡·ğŸ‡§ğŸ‡·!! .co/oyqkb7fqbd"
2022-07-30 23:21:41+00:00,1553521241386016768,@leandruuuuo @Ronebilton @LulaOficial 2 LADRÃ•ES JUNTOS FEDE MUITO MAIS https://t.co/HU5qJv1FcL,Lula,   2 ladrÃµes juntos fede muito mais .co/hu5qjv1fcl
2022-07-30 23:21:41+00:00,1553521240689737728,Lula em Fortaleza  @LulaOficial  @elmanofreitaspt  @CamiloSantanaCE https://t.co/r9eWnwHxuC,Lula,lula em fortaleza       .co/r9ewnwhxuc
2022-07-30 23:21:41+00:00,1553521239062462464,"@A_Ribeiro88 @anathaismatos @curicalooser Rlx, Arthur. O Lula vai voltar e nÃ³s brasileiros teremos uma vida digna",Lula,"   rlx, arthur. o lula vai voltar e nÃ³s brasileiros teremos uma vida digna"
2022-07-30 23:21:40+00:00,1553521238332563456,@LulaOficial LadrÃ£o,Lula, ladrÃ£o
2022-07-30 23:21:39+00:00,1553521231789424640,@JoaoEnsina @ptbahia @ptbrasil @LulaOficial @Jeronimoba13 @ottoalencar @costa_rui @LuaSantis @VozProgressista @mariamarighella @JuniorGeraldo_ @jaqueswagner @AttuchLeonardo A felicidade estÃ¡ na sua cara @JoaoEnsina parabÃ©ns.,Lula,             a felicidade estÃ¡ na sua cara  parabÃ©ns.
2022-07-30 23:21:38+00:00,1553521227515453441,"@DeputadoFederal @LulaOficial Eu amo o meu PaÃ­s.
â¤ï¸ Bolsonaro â¤ï¸
Ganha no primeiro turno ğŸ’• https://t.co/9bypwi7ZMW",Lula,  eu amo o meu paÃ­s.â¤ï¸ bolsonaro â¤ï¸ganha no primeiro turno ğŸ’• .co/9bypwi7zmw
2022-07-30 23:21:36+00:00,1553521218145472513,@jonatan13665601 @LulaOficial @ricardostuckert Os dois ğŸ¤®ğŸ¤®,Lula,   os dois ğŸ¤®ğŸ¤®
2022-07-30 23:21:34+00:00,1553521210507632641,@LulaOficial @ricardostuckert Quem tem um vice desse nÃ£o precisa de inimigo....ğŸ˜‚ğŸ¤£ğŸ˜‚ğŸ‘Œ https://t.co/DGrtuUgE74,Lula,  quem tem um vice desse nÃ£o precisa de inimigo....ğŸ˜‚ğŸ¤£ğŸ˜‚ğŸ‘Œ .co/dgrtuuge74
2022-07-30 23:21:33+00:00,1553521208209063936,@LulaOficial Ele vai visitar a terra dessa moÃ§a...Vejam q ela diz sobre o #LulaLadrÃ£o cara pau   ....#PTNuncaMais #CapitaoNoPrimeiroTurno https://t.co/79LzEfIWgg,Lula, ele vai visitar a terra dessa moÃ§a...vejam q ela diz sobre o  cara pau   ....  .co/79lzefiwgg
2022-07-30 23:21:32+00:00,1553521204560027648,"""Elites ficaram sem opÃ§Ãµes e terÃ£o que fechar com Lula"", diz Gustavo Conde https://t.co/vM4Qf4jzuo",Lula,"""elites ficaram sem opÃ§Ãµes e terÃ£o que fechar com lula"", diz gustavo conde .co/vm4qf4jzuo"
2022-07-30 23:21:32+00:00,1553521202706190336,"@JoabePires1 @CarolDeToni Agora reparo meu erro ,nÃ£o sou pt ,mas no primeiro turno voto lula",Lula,"  agora reparo meu erro ,nÃ£o sou pt ,mas no primeiro turno voto lula"
2022-07-30 23:21:32+00:00,1553521201431154689,"https://t.co/vThzRn95CD
Lula, o vÃ©io do Rio",Lula,".co/vthzrn95cdlula, o vÃ©io do rio"
2022-07-30 23:21:31+00:00,1553521200332251141,@LulaOficial https://t.co/TCN8KiagfZ,Lula, .co/tcn8kiagfz
2022-07-30 23:21:31+00:00,1553521197433987073,@renancalheiros @LulaOficial E aÃ­ @simonetebetbr ele nÃ£o Ã© do seu partido?,Lula,  e aÃ­  ele nÃ£o Ã© do seu partido?
2022-07-30 23:22:07+00:00,1553521347812376576,"@marciopaulopin6 Eu amo o meu PaÃ­s.
â¤ï¸ Bolsonaro â¤ï¸
Ganha no primeiro turno ğŸ’• https://t.co/9bypwi7ZMW",Bolsonaro, eu amo o meu paÃ­s.â¤ï¸ bolsonaro â¤ï¸ganha no primeiro turno ğŸ’• .co/9bypwi7zmw
2022-07-30 23:22:06+00:00,1553521345828474880,"Mortes violentas  de crianÃ§as e adolescentes caem quase 70% de 2017 e 2022, estÃ¡ na conta do Bolsonaro.",Bolsonaro,"mortes violentas  de crianÃ§as e adolescentes caem quase 70% de 2017 e 2022, estÃ¡ na conta do bolsonaro."
2022-07-30 23:22:06+00:00,1553521345048313859,Imagine se a frase fosse dita pelo Bolsonaroâ€¦ A gritaria do consÃ³rcioâ€¦ https://t.co/gnpaIDQbj7,Bolsonaro,imagine se a frase fosse dita pelo bolsonaroâ€¦ a gritaria do consÃ³rcioâ€¦ .co/gnpaidqbj7
2022-07-30 23:22:05+00:00,1553521339994079232,amo ver o bolsonaro e o lula no twitter,Bolsonaro,amo ver o bolsonaro e o lula no twitter
2022-07-30 23:22:03+00:00,1553521335153954817,"@keynes_de @sergioba1234 @BexigaGuilherme @Lima_T @cirogomes Brizola era um polÃ­tico e entendia como a polÃ­tica funciona. Tanto que ele botava os interesses do paÃ­s acima dos dele.
Ciro sÃ³ fica nessas desilusÃµes e sÃ³ serve pra ajudar a campanha do Bolsonaro.
Ciro se afundando na campanha e a sua posiÃ§Ã£o como polÃ­tico. Simples assim.",Bolsonaro,     brizola era um polÃ­tico e entendia como a polÃ­tica funciona. tanto que ele botava os interesses do paÃ­s acima dos dele.ciro sÃ³ fica nessas desilusÃµes e sÃ³ serve pra ajudar a campanha do bolsonaro.ciro se afundando na campanha e a sua posiÃ§Ã£o como polÃ­tico. simples assim.
2022-07-30 23:22:03+00:00,1553521334034042885,"@jairbolsonaro #CapitaoNoPrimeiroTurno 
ğŸ‡§ğŸ‡·â¤ï¸ğŸ‡§ğŸ‡·",Bolsonaro,  ğŸ‡§ğŸ‡·â¤ï¸ğŸ‡§ğŸ‡·
2022-07-30 23:22:02+00:00,1553521330695307265,"ğŸ‡§ğŸ‡·ğŸ‡§ğŸ‡·ğŸ’š Que bonitoğŸ‘ğŸ‘. Nosso abenÃ§oado Presidente Bolsonaro aonde coloca a mÃ£o , as frases que fala e as pessoas indicadas por ele, pode ouvir e seguir porque  SEMPRE tem RAZÃƒO
 Portanto SÃ£o Paulo aproveitem ğŸš€ğŸš€ğŸš€ğŸš€ğŸš€ğŸš€ğŸš€ğŸš€ https://t.co/juYwbCtaOz",Bolsonaro,"ğŸ‡§ğŸ‡·ğŸ‡§ğŸ‡·ğŸ’š que bonitoğŸ‘ğŸ‘. nosso abenÃ§oado presidente bolsonaro aonde coloca a mÃ£o , as frases que fala e as pessoas indicadas por ele, pode ouvir e seguir porque  sempre tem razÃ£o portanto sÃ£o paulo aproveitem ğŸš€ğŸš€ğŸš€ğŸš€ğŸš€ğŸš€ğŸš€ğŸš€ .co/juywbctaoz"
2022-07-30 23:22:02+00:00,1553521330632507401,"UOL: OpiniÃ£o: Reinaldo Azevedo - Bolsonaro anuncia trapaÃ§a para simular participaÃ§Ã£o militar em ato golpista.
https://t.co/uJFj4is02h

atravÃ©s do @GoogleNews",Bolsonaro,uol: opiniÃ£o: reinaldo azevedo - bolsonaro anuncia trapaÃ§a para simular participaÃ§Ã£o militar em ato golpista..co/ujfj4is02hatravÃ©s do 
2022-07-30 23:22:00+00:00,1553521318691315713,"@acmtoya @mendlowicz Sim, milhÃµes acreditaram que Bolsonaro n ia se juntar com centrÃ£o, tÃ­pica politicagem Brasileira.",Bolsonaro,"  sim, milhÃµes acreditaram que bolsonaro n ia se juntar com centrÃ£o, tÃ­pica politicagem brasileira."
2022-07-30 23:21:59+00:00,1553521317110026240,@CarlaZambelli38 @jairbolsonaro Mas o poder de compra Ã© o mesmo do que no Brasil? Se for de 1 pra 1 aÃ­ sim.,Bolsonaro,  mas o poder de compra Ã© o mesmo do que no brasil? se for de 1 pra 1 aÃ­ sim.
2022-07-30 23:21:58+00:00,1553521310948593665,"@WagnerBota @FranPaula1986 Tadinho dos banqueiros, Bolsonaro quebrou as penas deles! Kkkkkkkkkkkk https://t.co/R3fB3evmzJ",Bolsonaro,"  tadinho dos banqueiros, bolsonaro quebrou as penas deles! kkkkkkkkkkkk .co/r3fb3evmzj"
2022-07-30 23:21:55+00:00,1553521301440139271,"@LulaOficial @ricardostuckert Eu amo o meu PaÃ­s.
â¤ï¸ Bolsonaro â¤ï¸
Ganha no primeiro turno ğŸ’• https://t.co/9bypwi7ZMW",Bolsonaro,  eu amo o meu paÃ­s.â¤ï¸ bolsonaro â¤ï¸ganha no primeiro turno ğŸ’• .co/9bypwi7zmw
2022-07-30 23:21:55+00:00,1553521300827668481,"@duduzinho_10 @LulaOficial Somos a vergonha para os
Corruptos iguais aquele que vc apoia. Bolsonaro 22",Bolsonaro,  somos a vergonha para oscorruptos iguais aquele que vc apoia. bolsonaro 22
2022-07-30 23:21:55+00:00,1553521300383170562,@Jota45070854 @LindaTannus @CarlaZambelli38 @jairbolsonaro Tmj amigo. Vamos crescer todos juntos e reeleger Bolsonaro ğŸ‡§ğŸ‡·ğŸ™ğŸ’ªğŸ‡§ğŸ‡·,Bolsonaro,    tmj amigo. vamos crescer todos juntos e reeleger bolsonaro ğŸ‡§ğŸ‡·ğŸ™ğŸ’ªğŸ‡§ğŸ‡·
2022-07-30 23:21:54+00:00,1553521293424730112,"@Jeanskull02 @biaipacheco @jairbolsonaro Bora CapitÃ£o nÃ³s vamos vencer em nome do Todo Poderoso Deus.ğŸ™ğŸ™ğŸ‡§ğŸ‡·ğŸ‡§ğŸ‡·ğŸ‡§ğŸ‡·ğŸ’šğŸ’›ğŸ’šğŸ’›ğŸ‡§ğŸ‡·ğŸ‡§ğŸ‡·ğŸ‡§ğŸ‡·ğŸ’šğŸ’›ğŸ’šğŸ’›ğŸ‡§ğŸ‡·ğŸ‡§ğŸ‡·ğŸ‡§ğŸ‡·ğŸ‡§ğŸ‡·ğŸ‡§ğŸ‡·ğŸ‡§ğŸ‡·ğŸ‡§ğŸ‡·ğŸ‡§ğŸ‡·ğŸ‡§ğŸ‡·ğŸ‡§ğŸ‡·ğŸ‡§ğŸ‡·ğŸ‡§ğŸ‡·ğŸ‡§ğŸ‡·ğŸ‡§ğŸ‡·ğŸ‡§ğŸ‡·ğŸ‡§ğŸ‡·ğŸ‡§ğŸ‡·ğŸ‡§ğŸ‡·ğŸ‡§ğŸ‡·ğŸ‡§ğŸ‡·ğŸ‡§ğŸ‡·ğŸ‡§ğŸ‡·
Ã‰ por nÃ³s Ã© por eles que tÃ¡ valendo a pena.Obrigada Deus pela ajuda . https://t.co/W4VP1vsxS9",Bolsonaro,   bora capitÃ£o nÃ³s vamos vencer em nome do todo poderoso deus.ğŸ™ğŸ™ğŸ‡§ğŸ‡·ğŸ‡§ğŸ‡·ğŸ‡§ğŸ‡·ğŸ’šğŸ’›ğŸ’šğŸ’›ğŸ‡§ğŸ‡·ğŸ‡§ğŸ‡·ğŸ‡§ğŸ‡·ğŸ’šğŸ’›ğŸ’šğŸ’›ğŸ‡§ğŸ‡·ğŸ‡§ğŸ‡·ğŸ‡§ğŸ‡·ğŸ‡§ğŸ‡·ğŸ‡§ğŸ‡·ğŸ‡§ğŸ‡·ğŸ‡§ğŸ‡·ğŸ‡§ğŸ‡·ğŸ‡§ğŸ‡·ğŸ‡§ğŸ‡·ğŸ‡§ğŸ‡·ğŸ‡§ğŸ‡·ğŸ‡§ğŸ‡·ğŸ‡§ğŸ‡·ğŸ‡§ğŸ‡·ğŸ‡§ğŸ‡·ğŸ‡§ğŸ‡·ğŸ‡§ğŸ‡·ğŸ‡§ğŸ‡·ğŸ‡§ğŸ‡·ğŸ‡§ğŸ‡·ğŸ‡§ğŸ‡·Ã© por nÃ³s Ã© por eles que tÃ¡ valendo a pena.obrigada deus pela ajuda . .co/w4vp1vsxs9
2022-07-30 23:21:53+00:00,1553521292900548608,"Ciro Nogueira Ã© vaiado em convenÃ§Ã£o do PDT no PiauÃ­: â€œFora bolsonarista, fora Bolsonaro!"" (vÃ­deo) https://t.co/9HMnyRgica",Bolsonaro,"ciro nogueira Ã© vaiado em convenÃ§Ã£o do pdt no piauÃ­: â€œfora bolsonarista, fora bolsonaro!"" (vÃ­deo) .co/9hmnyrgica"
2022-07-30 23:21:53+00:00,1553521291906490368,Jair Bolsonaro not being dead at least 5 times over is proof god is not real,Bolsonaro,jair bolsonaro not being dead at least 5 times over is proof god is not real
2022-07-30 23:21:52+00:00,1553521287452147712,@jairbolsonaro https://t.co/7fIuluSSe0,Bolsonaro, .co/7fiulusse0
2022-07-30 23:21:51+00:00,1553521281357828099,"Republicanos oficializa TarcÃ­sio para governo de SP e apoio a Bolsonaro 

https://t.co/OnQGaPmhpJ",Bolsonaro,republicanos oficializa tarcÃ­sio para governo de sp e apoio a bolsonaro .co/onqgapmhpj
2022-07-30 23:21:50+00:00,1553521277406674944,@FlavioBolsonaro @jairbolsonaro @tarcisiogdf Ã‰ um mini Mussolini?,Bolsonaro,   Ã© um mini mussolini?
2022-07-30 23:21:50+00:00,1553521276739796993,@folha Bolsonaro chama Lula de LADRAO,Bolsonaro, bolsonaro chama lula de ladrao
2022-07-30 23:21:49+00:00,1553521274856554497,"@AlexandredaVia1 @CarlaZambelli38 Nada meninÃ£o! Todos que apoiam Bolsonaro, o fazem de livre e espontÃ¢nea vontade!!!",Bolsonaro,"  nada meninÃ£o! todos que apoiam bolsonaro, o fazem de livre e espontÃ¢nea vontade!!!"
2022-07-30 23:21:48+00:00,1553521272042262530,"@SigaGazetaBR @PATRlOTAS Eu amo o meu PaÃ­s.
â¤ï¸ Bolsonaro â¤ï¸
Ganha no primeiro turno ğŸ’• https://t.co/9bypwi7ZMW",Bolsonaro,  eu amo o meu paÃ­s.â¤ï¸ bolsonaro â¤ï¸ganha no primeiro turno ğŸ’• .co/9bypwi7zmw
2022-07-30 23:21:48+00:00,1553521269735317504,@jairbolsonaro Leo is an elite douche,Bolsonaro, leo is an elite douche
2022-07-30 23:21:47+00:00,1553521267843776512,@DamaresAlves @jairbolsonaro Eu tenho muita fÃ© que ela vai devolver o cheque ğŸ™ğŸ™,Bolsonaro,  eu tenho muita fÃ© que ela vai devolver o cheque ğŸ™ğŸ™
2022-07-30 23:21:47+00:00,1553521265108975618,"#22EBomParaV9ceEParaMim
@jairbolsonaro @BolsonaroSP @CarlosBolsonaro https://t.co/LsURpZbQnO",Bolsonaro,   .co/lsurpzbqno
2022-07-30 23:21:46+00:00,1553521261338296338,@CarlaZambelli38 @jairbolsonaro Culpa do Bolsonaro. SerÃ¡ que a globo vai mostrar?,Bolsonaro,  culpa do bolsonaro. serÃ¡ que a globo vai mostrar?
2022-07-30 23:21:45+00:00,1553521258859565057,"@jairbolsonaro Isso prova que a educaÃ§Ã£o anda mal , como pode existir tanto imbecil?",Bolsonaro," isso prova que a educaÃ§Ã£o anda mal , como pode existir tanto imbecil?"
2022-07-30 23:21:45+00:00,1553521258033201160,@olibertariobr @thaispsic Lutar pela pÃ¡tria amada Ã© derrotar o Bolsonaro nas prÃ³ximas eleiÃ§Ãµes.,Bolsonaro,  lutar pela pÃ¡tria amada Ã© derrotar o bolsonaro nas prÃ³ximas eleiÃ§Ãµes.
2022-07-30 23:21:45+00:00,1553521257056010241,"@PedroRonchi2 Em mais 64 dias, BOLSONARO SERÃ NOVO PRESIDENTE DO BRASIL.
Dia 02 de janeiro ele entregarÃ¡ a faixa para ele mesmo, Ã© nÃ³is na faixa.

22 Confirma?",Bolsonaro," em mais 64 dias, bolsonaro serÃ¡ novo presidente do brasil.dia 02 de janeiro ele entregarÃ¡ a faixa para ele mesmo, Ã© nÃ³is na faixa.22 confirma?"
2022-07-30 23:21:45+00:00,1553521256292556800,@WillianVBordin @MarceloTuliocwb @jairbolsonaro Kkkk #LulaNoPrimeiroTurno,Bolsonaro,   kkkk 
2022-07-30 23:21:41+00:00,1553521240534663168,"@DelmiraMathias @ASachsida @jairbolsonaro MoÃ§a, tu vai limpar a cÃ¢mara elegendo gente do PL e PP. aÃ­ nÃ£o dÃ¡",Bolsonaro,"   moÃ§a, tu vai limpar a cÃ¢mara elegendo gente do pl e pp. aÃ­ nÃ£o dÃ¡"
2022-07-30 23:21:41+00:00,1553521239200878595,"@FlavioBolsonaro @jairbolsonaro Nosaaa, super convincente. Nem parece forÃ§ado. https://t.co/oQt5wGyyiS",Bolsonaro,"  nosaaa, super convincente. nem parece forÃ§ado. .co/oqt5wgyyis"
2022-07-30 23:21:40+00:00,1553521237674151936,Bolsonaro certÃ­ssimo o povo qui sabe si viverÃ£o como em uma Venezuela corrupta e com ditadores ou num Brasil livre e patriÃ³ta https://t.co/a0D5jDTfma,Bolsonaro,bolsonaro certÃ­ssimo o povo qui sabe si viverÃ£o como em uma venezuela corrupta e com ditadores ou num brasil livre e patriÃ³ta .co/a0d5jdtfma
2022-07-30 23:21:40+00:00,1553521236302520321,"@alissonzinhuu @ChestherPfiste1 @marcofeliciano @jairbolsonaro PaÃ­s nem emprego tem ,resposta de gado mesmo kkkkk.
Ele deve ser aposentado ou funcionÃ¡rio publico da elite .",Bolsonaro,"    paÃ­s nem emprego tem ,resposta de gado mesmo kkkkk.ele deve ser aposentado ou funcionÃ¡rio publico da elite ."
2022-07-30 23:21:39+00:00,1553521232343097347,"Datafolha: confianÃ§a nas urnas cresce, apesar de ataques de Bolsonaro ao sistema eleitoral

Levantamento mostra que confianÃ§a nas urnas cresceu nos Ãºltimos meses, mesmo depois de ataques do presidente Ã s urnas em reuniÃ£o com embaixadores
https://t.co/MzCz2sMHvB",Bolsonaro,"datafolha: confianÃ§a nas urnas cresce, apesar de ataques de bolsonaro ao sistema eleitorallevantamento mostra que confianÃ§a nas urnas cresceu nos Ãºltimos meses, mesmo depois de ataques do presidente Ã s urnas em reuniÃ£o com embaixadores.co/mzcz2smhvb"
2022-07-30 23:21:38+00:00,1553521228488507397,@OGloboPolitica Bolsonaro 2022 ğŸ‡§ğŸ‡· https://t.co/oANYsV9ZMw,Bolsonaro, bolsonaro 2022 ğŸ‡§ğŸ‡· .co/oanysv9zmw
2022-07-30 23:21:38+00:00,1553521227515453441,"@DeputadoFederal @LulaOficial Eu amo o meu PaÃ­s.
â¤ï¸ Bolsonaro â¤ï¸
Ganha no primeiro turno ğŸ’• https://t.co/9bypwi7ZMW",Bolsonaro,  eu amo o meu paÃ­s.â¤ï¸ bolsonaro â¤ï¸ganha no primeiro turno ğŸ’• .co/9bypwi7zmw
2022-07-30 23:21:37+00:00,1553521224478859265,"@JorgeNettobr @UOLNoticias Pode ser de ontem. Valdemar da Costa Neto Ã© presidente do PL, partido de Bolsonaro, e aliado dele. Os 2 fazem parte do CentrÃ£o. Dois bandidos.",Bolsonaro,"  pode ser de ontem. valdemar da costa neto Ã© presidente do pl, partido de bolsonaro, e aliado dele. os 2 fazem parte do centrÃ£o. dois bandidos."
2022-07-30 23:21:37+00:00,1553521222033481729,"Por isso eu afirmo vai ser no primeiro turno!
Onde o @jairbolsonaro vai arrasta multidÃµes,em todas as cidades do Brasil. https://t.co/vVEXHqNTj6",Bolsonaro,"por isso eu afirmo vai ser no primeiro turno!onde o  vai arrasta multidÃµes,em todas as cidades do brasil. .co/vvexhqntj6"
2022-07-30 23:21:35+00:00,1553521215289102336,SerÃ¡ perfeito meu presidente @jairbolsonaro mostra pra esses safado o nosso poder https://t.co/NrVXNLIkez,Bolsonaro,serÃ¡ perfeito meu presidente  mostra pra esses safado o nosso poder .co/nrvxnlikez
2022-07-30 23:21:33+00:00,1553521207563223040,"@BolsoMito380 Se gritar ""pega ladrÃ£o"" nÃ£o fica um meu irmÃ£o... &gt;&gt;&gt; Eduardo Cunha e Daniel Silveira sobem em palanque ao lado de Bolsonaro em SP https://t.co/w7REHhFSFd via 
@UOLNoticias
 
@UOL",Bolsonaro," se gritar ""pega ladrÃ£o"" nÃ£o fica um meu irmÃ£o... &gt;&gt;&gt; eduardo cunha e daniel silveira sobem em palanque ao lado de bolsonaro em sp .co/w7rehhfsfd via  "
2022-07-30 23:21:32+00:00,1553521205088509956,"@dramayraoficial @jairbolsonaro Primeiro:Paulo nÃ£o disse que honrou paÃ­s nenhum, pq a missÃ£o de Paulo era espiritual.O bom combate de Paulo diz respeito a pregaÃ§Ã£o do evangelho e a reconciliaÃ§Ã£o  do homem com Deus.NÃ£o use a palavra de Deus levianamente.",Bolsonaro,"  primeiro:paulo nÃ£o disse que honrou paÃ­s nenhum, pq a missÃ£o de paulo era espiritual.o bom combate de paulo diz respeito a pregaÃ§Ã£o do evangelho e a reconciliaÃ§Ã£o  do homem com deus.nÃ£o use a palavra de deus levianamente."
2022-07-30 23:21:31+00:00,1553521198063144960,@silveira50 @MarcioM61326104 @adinaelsilva @Alexandre30k @ManesAlexandre @Nuu0204 @Valdirene4971 @EdneiaScanto @Melkpsobrinho @BergMartins14 @CameloJubeni @alvesmimar3 @vanice_a @nefertiti2022 @BetoBrasilRJ @RE_BOLSONARO ğŸ‡§ğŸ‡·,Bolsonaro,                ğŸ‡§ğŸ‡·
2022-07-30 23:21:31+00:00,1553521197996023809,"@craigthomler @SoIrredeemabl @Times__Earth Again, every article you produce seems to blame Bolsonaro. Scare tactics aimed at the voters in Brazil.

""The newly elected President of Brazil (and not a ecologist as far as I know) denied his own science agency's data about deforestation and the head of the agency was fired.""",Bolsonaro,"   again, every article you produce seems to blame bolsonaro. scare tactics aimed at the voters in brazil.""the newly elected president of brazil (and not a ecologist as far as i know) denied his own science agency's data about deforestation and the head of the agency was fired."""
2022-07-30 23:21:30+00:00,1553521196142051329,"@AliceSo57171703 @jairbolsonaro NÃ£o tenho dÃºvida!!!
Falta pouco.
Outubro chegando",Bolsonaro,  nÃ£o tenho dÃºvida!!!falta pouco.outubro chegando
2022-07-30 23:21:29+00:00,1553521189208858624,"@AmorimConfucio @juanedeide @jairbolsonaro AÃª, presidente. Olha o preÃ§o do Doritos, vai lÃ¡ na fabrica e nas lojas e obrigue-os a congelar o preÃ§o. Blz?",Bolsonaro,"   aÃª, presidente. olha o preÃ§o do doritos, vai lÃ¡ na fabrica e nas lojas e obrigue-os a congelar o preÃ§o. blz?"
2022-07-30 23:21:28+00:00,1553521185756954624,"@maravapi @biaipacheco @jairbolsonaro @jairbolsonaro REELEITO 2ï¸âƒ£2ï¸âƒ£
#DireitaForte
#BolsonaroReeleito2022 
âš”ï¸ğŸ™ğŸ‡§ğŸ‡·ğŸ™âš”ï¸2ï¸âƒ£2ï¸âƒ£ https://t.co/5iu9yZ47Qf",Bolsonaro,    reeleito 2ï¸âƒ£2ï¸âƒ£ âš”ï¸ğŸ™ğŸ‡§ğŸ‡·ğŸ™âš”ï¸2ï¸âƒ£2ï¸âƒ£ .co/5iu9yz47qf
2022-07-30 23:21:25+00:00,1553521172893077504,"@kimpaim @SF_Moro Quem vai fazer o Bolsonaro perder sÃ£o  vcs mesmo .Falem mais do Moro, que nÃ£o  voto mais no Bolsonaro.",Bolsonaro,"  quem vai fazer o bolsonaro perder sÃ£o  vcs mesmo .falem mais do moro, que nÃ£o  voto mais no bolsonaro."
2022-07-30 23:21:25+00:00,1553521172519821313,"@LulaOficial Gozado.

Que eu saiba Bolsonaro jÃ¡ tem.

O que vc quer mais?

Fazer igual a Venezuela?

Ã‡ei.....",Bolsonaro, gozado.que eu saiba bolsonaro jÃ¡ tem.o que vc quer mais?fazer igual a venezuela?Ã§ei.....
2022-07-30 23:21:25+00:00,1553521172318404613,"@VictorSouza1_ @tyagoboni @rcardoso1956 @folha Bolsonaro passou 20 anos falando sozinho. Finalmente o povo o ouviu. E quem o ouve, se encanta. Simples assim. Quem o conhece, sabe que seu governo efetivamente fez tudo listado aqui pelo filho. O povo gostou de ver alguÃ©m colocando o Brasil acima de tudo com Deus acima de todos. https://t.co/htxgUAJfez",Bolsonaro,"    bolsonaro passou 20 anos falando sozinho. finalmente o povo o ouviu. e quem o ouve, se encanta. simples assim. quem o conhece, sabe que seu governo efetivamente fez tudo listado aqui pelo filho. o povo gostou de ver alguÃ©m colocando o brasil acima de tudo com deus acima de todos. .co/htxguajfez"
2022-07-30 23:22:04+00:00,1553521335787261953,"@de_mansu Pois Ã©, pessoal viaja, pensa que todo mundo orbita o Ciro e depende dele pra tudo.",Ciro," pois Ã©, pessoal viaja, pensa que todo mundo orbita o ciro e depende dele pra tudo."
2022-07-30 23:22:03+00:00,1553521335153954817,"@keynes_de @sergioba1234 @BexigaGuilherme @Lima_T @cirogomes Brizola era um polÃ­tico e entendia como a polÃ­tica funciona. Tanto que ele botava os interesses do paÃ­s acima dos dele.
Ciro sÃ³ fica nessas desilusÃµes e sÃ³ serve pra ajudar a campanha do Bolsonaro.
Ciro se afundando na campanha e a sua posiÃ§Ã£o como polÃ­tico. Simples assim.",Ciro,     brizola era um polÃ­tico e entendia como a polÃ­tica funciona. tanto que ele botava os interesses do paÃ­s acima dos dele.ciro sÃ³ fica nessas desilusÃµes e sÃ³ serve pra ajudar a campanha do bolsonaro.ciro se afundando na campanha e a sua posiÃ§Ã£o como polÃ­tico. simples assim.
2022-07-30 23:21:55+00:00,1553521298856370176,"@renancalheiros @lulando13 @LuciaAzev16 @LulaOficial Onde esconder dinheiro.
Como comprar deputado.
Espera...
Ciro jÃ¡ sabe disso.",Ciro,    onde esconder dinheiro.como comprar deputado.espera...ciro jÃ¡ sabe disso.
2022-07-30 23:21:53+00:00,1553521292900548608,"Ciro Nogueira Ã© vaiado em convenÃ§Ã£o do PDT no PiauÃ­: â€œFora bolsonarista, fora Bolsonaro!"" (vÃ­deo) https://t.co/9HMnyRgica",Ciro,"ciro nogueira Ã© vaiado em convenÃ§Ã£o do pdt no piauÃ­: â€œfora bolsonarista, fora bolsonaro!"" (vÃ­deo) .co/9hmnyrgica"
2022-07-30 23:21:49+00:00,1553521273367662595,"https://t.co/KoMUKwEcM2

Marcos RogÃ©rio (PL-RO),Jorginho Mello(PL/SC),Luis Eduardo GirÃ£o (PODEMOS/CE),Ciro Nogueira (PP/PI https://t.co/to8ywmBNvN",Ciro,".co/komukwecm2marcos rogÃ©rio (pl-ro),jorginho mello(pl/sc),luis eduardo girÃ£o (podemos/ce),ciro nogueira (pp/pi .co/to8ywmbnvn"
2022-07-30 23:21:30+00:00,1553521193730310145,Liked on YouTube: VEJA O QUE A TURMA DA GLOBONEWS ACHOU DA PARTICIPAÃ‡ÃƒO DE CIRO NO CENTRAL DAS ELEIÃ‡Ã•ES https://t.co/QqbWS7e3aU,Ciro,liked on youtube: veja o que a turma da globonews achou da participaÃ§Ã£o de ciro no central das eleiÃ§Ãµes .co/qqbws7e3au
2022-07-30 23:21:19+00:00,1553521150050852864,"@CamiloSantanaCE @ricardostuckert @LulaOficial @elmanofreitaspt Percebemos muita duplicidade na foto; por que o PDT do candidato Ciro Gomes, bem colocado nas pesquisas, nÃ£o apoia o candidato do PT? Ele jÃ¡ disse q nÃ£o apoiarÃ¡ num provÃ¡vel 2o. turno o candidato desse partido esquerdista.",Ciro,"    percebemos muita duplicidade na foto; por que o pdt do candidato ciro gomes, bem colocado nas pesquisas, nÃ£o apoia o candidato do pt? ele jÃ¡ disse q nÃ£o apoiarÃ¡ num provÃ¡vel 2o. turno o candidato desse partido esquerdista."
2022-07-30 23:21:11+00:00,1553521116244852736,"@JanainaDoBrasil A maioria candidatos sem expressÃ£o, nÃ¢nicos sem chance, os mais expressivos , Simone Tebet e Ciro Gomes, mais conhecidos como terceira via, tb nÃ£o tem chance, Ã© Bolsonaro 22",Ciro," a maioria candidatos sem expressÃ£o, nÃ¢nicos sem chance, os mais expressivos , simone tebet e ciro gomes, mais conhecidos como terceira via, tb nÃ£o tem chance, Ã© bolsonaro 22"
2022-07-30 23:21:06+00:00,1553521092278603779,@Claudio03165029 @ThiagoResiste Concordo: Ciro Gomes e Lula daria uma boa disputa.,Ciro,  concordo: ciro gomes e lula daria uma boa disputa.
2022-07-30 23:21:03+00:00,1553521083063713795,@desmentindobozo @ciro_nogueira @BaixadorDeVideo,Ciro,  
2022-07-30 23:20:29+00:00,1553520940373274624,@xrpcooper @xrocketlaunch @Rick01807722 @ciro_sayago @legitt_mentor,Ciro,    
2022-07-30 23:20:28+00:00,1553520935222886437,Ciro Nogueira Ã© vaiado em evento do PDT no PiauÃ­ https://t.co/3Wcn7vWYj5,Ciro,ciro nogueira Ã© vaiado em evento do pdt no piauÃ­ .co/3wcn7vwyj5
2022-07-30 23:20:28+00:00,1553520933796716545,@ciro_cavs18 En unos aÃ±os no tengo dudas. Brito es el nuevo Aguilar,Ciro, en unos aÃ±os no tengo dudas. brito es el nuevo aguilar
2022-07-30 23:20:25+00:00,1553520923231195136,"@CiroGomezL @lopezobrador_ Son los vehÃ­culos que compraron tus brothers, sÃ­, esos que mal gobernaron por aÃ±os, despilfarraron el presupuesto en autos de lujo y en chayote para sus brothersâ€¦ğŸ¤¨ CÃ­nico.",Ciro,"  son los vehÃ­culos que compraron tus brothers, sÃ­, esos que mal gobernaron por aÃ±os, despilfarraron el presupuesto en autos de lujo y en chayote para sus brothersâ€¦ğŸ¤¨ cÃ­nico."
2022-07-30 23:20:22+00:00,1553520910044434432,o cachorro desse gif eh a cara do ciro gomes como pode https://t.co/8na084bMdp,Ciro,o cachorro desse gif eh a cara do ciro gomes como pode .co/8na084bmdp
2022-07-30 23:19:53+00:00,1553520789089050625,"@cirogomes Concordo Ciro ser honesto nÃ£o Ã© nada fÃ¡cil, mÃ¡s descansa, o Senhor dos ExÃ©rcitos Ã© contigo eu creio, numa reviravolta da parte deste que Ã© Senhor de todas as coisas sÃ³ confia o Deus e Pai Celestial estÃ¡ no controle, o que tiver de ser, serÃ¡ ğŸ‘",Ciro," concordo ciro ser honesto nÃ£o Ã© nada fÃ¡cil, mÃ¡s descansa, o senhor dos exÃ©rcitos Ã© contigo eu creio, numa reviravolta da parte deste que Ã© senhor de todas as coisas sÃ³ confia o deus e pai celestial estÃ¡ no controle, o que tiver de ser, serÃ¡ ğŸ‘"
2022-07-30 23:19:49+00:00,1553520770625708035,@CristinaToline @desmentindobozo @ciro_nogueira https://t.co/FOSewXvrgk Votem,Ciro,   .co/fosewxvrgk votem
2022-07-30 23:19:31+00:00,1553520694679506946,JÃ¡ pode chamar o ciro nogueira de comunista traÃ­do gado? https://t.co/XRoQduSYaP,Ciro,jÃ¡ pode chamar o ciro nogueira de comunista traÃ­do gado? .co/xroqdusyap
2022-07-30 23:19:25+00:00,1553520668980944897,"Tremendo comicio em Fortaleza. Uma multidÃ£o por Lula, @LulaOficial, e Elmano Freitas, @elmanofreitaspt. No estado de Ciro Gomes, uma resposta Ã  altura de suas diatribes contra o PT e mais um tranco em Jair Bolsonaro. Outro passo adiante na caminhada da vitÃ³ria. https://t.co/7w2UNMDSCl",Ciro,"tremendo comicio em fortaleza. uma multidÃ£o por lula,  e elmano freitas,  no estado de ciro gomes, uma resposta Ã  altura de suas diatribes contra o pt e mais um tranco em jair bolsonaro. outro passo adiante na caminhada da vitÃ³ria. .co/7w2unmdscl"
2022-07-30 23:19:21+00:00,1553520652107350016,"Data folha divulga nova pesquisa de intenÃ§Ã£o de votos.
57% Lula ğŸ™
42% Bolsonaro ğŸ‡§ğŸ‡·
11% Ciro Gomes ğŸŸ
8% Simone Tebet ğŸ¤®
6% Marina Silva ğŸ¦–
14% Brancos / nulos âšªï¸
12% Indecisos â“ï¸â—ï¸

A pesquisa entrevistou 1313 pessoas entre os dias 30 de fev. e 01 de abr.",Ciro,data folha divulga nova pesquisa de intenÃ§Ã£o de votos.57% lula ğŸ™42% bolsonaro ğŸ‡§ğŸ‡·11% ciro gomes ğŸŸ8% simone tebet ğŸ¤®6% marina silva ğŸ¦–14% brancos / nulos âšªï¸12% indecisos â“ï¸â—ï¸a pesquisa entrevistou 1313 pessoas entre os dias 30 de fev. e 01 de abr.
2022-07-30 23:19:18+00:00,1553520641114099713,"@revistaoeste Se nÃ£o houver roubo nas urnas pode juntar Ciro, tablet e o que mais quiser ... Essa eleiÃ§Ã£o pode dar merda para muito tempo a resolver.",Ciro," se nÃ£o houver roubo nas urnas pode juntar ciro, tablet e o que mais quiser ... essa eleiÃ§Ã£o pode dar merda para muito tempo a resolver."
2022-07-30 23:19:04+00:00,1553520583421427712,"Depois da bandeirinha do PT, vi pela primeira vez em BelÃ©m um carro com adesivo de apoio ao candidato Ciro Gomes. Estava escrito ""na rebeldia da esperanÃ§a"".",Ciro,"depois da bandeirinha do pt, vi pela primeira vez em belÃ©m um carro com adesivo de apoio ao candidato ciro gomes. estava escrito ""na rebeldia da esperanÃ§a""."
2022-07-30 23:18:58+00:00,1553520557383090177,"@guicacao Como o Ciro farÃ¡ para o barril nÃ£o ficar caro se a cotaÃ§Ã£o Ã© internacional, qual Ã© o  plano?",Ciro," como o ciro farÃ¡ para o barril nÃ£o ficar caro se a cotaÃ§Ã£o Ã© internacional, qual Ã© o  plano?"
2022-07-30 23:18:22+00:00,1553520404261736451,"Ciro Nogueira Ã© vaiado em convenÃ§Ã£o do PDT no PiauÃ­: â€œFora bolsonarista, fora Bolsonaro!"" (vÃ­deo) https://t.co/OUb5SwvuTx",Ciro,"ciro nogueira Ã© vaiado em convenÃ§Ã£o do pdt no piauÃ­: â€œfora bolsonarista, fora bolsonaro!"" (vÃ­deo) .co/oub5swvutx"
2022-07-30 23:18:15+00:00,1553520376252088320,A debandada dos prefeitos do PDT no CearÃ¡ demonstra o isolamento e a fraqueza de Ciro por lÃ¡. Cid e Ivo devem ficar neutros. Os prÃ³prios prefeitos jÃ¡ falaram que Ciro e Roberto ClÃ¡udio nÃ£o poderÃ£o usar seus nomes e nem eles subirÃ£o no palanque. O PDT praticamente morreu no CearÃ¡.,Ciro,a debandada dos prefeitos do pdt no cearÃ¡ demonstra o isolamento e a fraqueza de ciro por lÃ¡. cid e ivo devem ficar neutros. os prÃ³prios prefeitos jÃ¡ falaram que ciro e roberto clÃ¡udio nÃ£o poderÃ£o usar seus nomes e nem eles subirÃ£o no palanque. o pdt praticamente morreu no cearÃ¡.
2022-07-30 23:17:55+00:00,1553520293154627585,@evenstarariel @cirogomes Se o povo estÃ¡ insatisfeito com imagina com estas raposas velhas que e ciro e Lula tudo um lixo igual Alkmin e moro Bivar janone,Ciro,  se o povo estÃ¡ insatisfeito com imagina com estas raposas velhas que e ciro e lula tudo um lixo igual alkmin e moro bivar janone
2022-07-30 23:17:51+00:00,1553520274456412162,"@desmentindobozo @ciro_nogueira Um presidente que abre a boca para dizer que nÃ£o Ã© responsabilidade dele gerar empregos, quem quiser que corra atrÃ¡s, esperar o que mais.",Ciro,"  um presidente que abre a boca para dizer que nÃ£o Ã© responsabilidade dele gerar empregos, quem quiser que corra atrÃ¡s, esperar o que mais."
2022-07-30 23:17:50+00:00,1553520273609179136,"@renancalheiros @LulaOficial Com a experiÃªncia eleitoral e polÃ­tica do sr, o Sr acha que Ciro mantÃ©m candidatura pra ajudar o Bolsonaro e sÃ³ bate no Lula absolvendo o presidente pq lhe Ã© eleitoralmente bom ou pqganha alguma coisa do miliciano caso esse venha a ser eleito?",Ciro,"  com a experiÃªncia eleitoral e polÃ­tica do sr, o sr acha que ciro mantÃ©m candidatura pra ajudar o bolsonaro e sÃ³ bate no lula absolvendo o presidente pq lhe Ã© eleitoralmente bom ou pqganha alguma coisa do miliciano caso esse venha a ser eleito?"
2022-07-30 23:17:49+00:00,1553520266654924802,"Se ele renunciasse jÃ¡, Lula poderia ganhar no primeiro turno. FaÃ§a essa favor para gente, Ciro. https://t.co/3KW4oj0okW",Ciro,"se ele renunciasse jÃ¡, lula poderia ganhar no primeiro turno. faÃ§a essa favor para gente, ciro. .co/3kw4oj0okw"
2022-07-30 23:17:46+00:00,1553520253463937026,JÃ¡ saiu a toalha do Ciro Gomes hahaha https://t.co/4ko1N11xW8,Ciro,jÃ¡ saiu a toalha do ciro gomes hahaha .co/4ko1n11xw8
2022-07-30 23:17:19+00:00,1553520143346679808,"Agora se vocÃªs acham que todos os candidatos tem que ser kamikaze e brigar com o PT pra apoiar o Ciro, vÃ£o em frente, vai dar certinho. +",Ciro,"agora se vocÃªs acham que todos os candidatos tem que ser kamikaze e brigar com o pt pra apoiar o ciro, vÃ£o em frente, vai dar certinho. +"
2022-07-30 23:17:17+00:00,1553520133129248768,"@g1 @ciro_nogueira uÃ©, estÃ¡ rejeitando o seu senhor? ğŸ˜‚ğŸ˜‚ğŸ˜‚ğŸ˜‚ğŸ˜‚ğŸ˜‚ğŸ˜‚ğŸ˜‚ğŸ˜‚ğŸ˜‚ğŸ˜‚ğŸ˜‚ğŸ˜‚ğŸ˜‚ğŸ˜‚ğŸ˜‚ğŸ˜‚ recebaaa o datapovo, fÃ©la da poolta",Ciro,"  uÃ©, estÃ¡ rejeitando o seu senhor? ğŸ˜‚ğŸ˜‚ğŸ˜‚ğŸ˜‚ğŸ˜‚ğŸ˜‚ğŸ˜‚ğŸ˜‚ğŸ˜‚ğŸ˜‚ğŸ˜‚ğŸ˜‚ğŸ˜‚ğŸ˜‚ğŸ˜‚ğŸ˜‚ğŸ˜‚ recebaaa o datapovo, fÃ©la da poolta"
2022-07-30 23:17:11+00:00,1553520106633891840,@cirogomes Hahahhahahahahhahahahahahahhahahahahahhahahahahahahahahahahahahhahahahahahahahaha o ciro me ajuda vai,Ciro, hahahhahahahahhahahahahahahhahahahahahhahahahahahahahahahahahahhahahahahahahahaha o ciro me ajuda vai
2022-07-30 23:17:10+00:00,1553520102569639938,@AndreataLeodoro @CentralEleicoes Te garanto q Ciro ser presidente Ã© mt mais plausivel q ter bozominion votando em Lul4 e lulopet votando em Bozo!,Ciro,  te garanto q ciro ser presidente Ã© mt mais plausivel q ter bozominion votando em lul4 e lulopet votando em bozo!
2022-07-30 23:17:01+00:00,1553520067601731584,"@nairtonsales1 @reinaldoazevedo NÃ£o sejamos adeptos a cobrir os erros. O que vocÃª acha do OrÃ§amento secreto? UMA VersÃ£o aprimorada do PetrolÃ£o e MensalÃ£o? Ciro Nogueira, Pastor loteando verbas Federais, Ex policiais envolvidos com Vacinas. Compras de prÃ³teses Penianas e Viagra. O governo nÃ£o sabe nada tambÃ©m?",Ciro,"  nÃ£o sejamos adeptos a cobrir os erros. o que vocÃª acha do orÃ§amento secreto? uma versÃ£o aprimorada do petrolÃ£o e mensalÃ£o? ciro nogueira, pastor loteando verbas federais, ex policiais envolvidos com vacinas. compras de prÃ³teses penianas e viagra. o governo nÃ£o sabe nada tambÃ©m?"
2022-07-30 23:16:38+00:00,1553519969400397826,SerÃ¡ o Ciro mesmo? https://t.co/jtfadK7jl3,Ciro,serÃ¡ o ciro mesmo? .co/jtfadk7jl3
2022-07-30 23:16:38+00:00,1553519968695865346,"Nahuel Bustos, ex delantero de #Talleres,  presente en La France con @los_luminosos @huracancordoba en El clÃ¡sico con @CAAPenarol . JugÃ³ en ambos clubes. Foto junto a Ciro, nieto de @augusToPG https://t.co/uvcGOYM9Hj",Ciro,"nahuel bustos, ex delantero de   presente en la france con   en el clÃ¡sico con  . jugÃ³ en ambos clubes. foto junto a ciro, nieto de  .co/uvcgoym9hj"
2022-07-30 23:16:36+00:00,1553519961854943233,@APSJ1964 @BlogdoNoblat Ciro jÃ¡ se enterroubcom a pÃ¡ de cal..sempre foi um coronÃ©,Ciro,  ciro jÃ¡ se enterroubcom a pÃ¡ de cal..sempre foi um coronÃ©
2022-07-30 23:16:24+00:00,1553519911049256960,@santiagomattano @ciro_brove,Ciro, 
2022-07-30 23:16:21+00:00,1553519898646745091,"@Enigmatics5 @ogalista @CentralEleicoes Hahahah psdb de Minas Ã© DLE , o pestana sempre fala q o AÃ©cio e amigo e grande governador,o AÃ©cio q o lanÃ§ou e a propaganda de rÃ¡dio  aqui em mg Ã© ""nosso lÃ­der AÃ©cio Ã© inocente ""
Esse Ã© o  palanque do PND
Caiado Ã© melhor sim, sÃ³ Ã‰ DONO DE ESCRAVO
Ciro amigo de bandido KKKKKKK https://t.co/R74s2860xR",Ciro,"   hahahah psdb de minas Ã© dle , o pestana sempre fala q o aÃ©cio e amigo e grande governador,o aÃ©cio q o lanÃ§ou e a propaganda de rÃ¡dio  aqui em mg Ã© ""nosso lÃ­der aÃ©cio Ã© inocente ""esse Ã© o  palanque do pndcaiado Ã© melhor sim, sÃ³ Ã© dono de escravociro amigo de bandido kkkkkkk .co/r74s2860xr"
2022-07-30 23:16:12+00:00,1553519861522915329,"@GiuGomes @tricolor277 @maressah @Brunobam @CentralEleicoes Inclusive, hj Lula Ã© duas vezes presidente do paÃ­s, ainda a maior lideranÃ§a de esquerda e Ciro falando do seu governo da dÃ©cada de 90, um verdadeiro museu.",Ciro,"     inclusive, hj lula Ã© duas vezes presidente do paÃ­s, ainda a maior lideranÃ§a de esquerda e ciro falando do seu governo da dÃ©cada de 90, um verdadeiro museu."
2022-07-30 23:15:57+00:00,1553519797366935564,@Filosofiaprofan @LuisGomeslg1 @cynaramenezes Seguindo a sua lÃ³gica posso dizer que Ciro Ã© culpado com aquela busca da PolÃ­cia Federal na casa dele.,Ciro,   seguindo a sua lÃ³gica posso dizer que ciro Ã© culpado com aquela busca da polÃ­cia federal na casa dele.
2022-07-30 23:15:48+00:00,1553519759119065088,@CarlosLinhare @CiraoCarioca Ciro Gomes Ã© a melhor opÃ§Ã£o para o Brasil,Ciro,  ciro gomes Ã© a melhor opÃ§Ã£o para o brasil
2022-07-30 23:15:43+00:00,1553519738701201411,@luquises Ai vocÃª vai ver e a pessoa vota no Ciro https://t.co/4c7xK0ZxRn,Ciro, ai vocÃª vai ver e a pessoa vota no ciro .co/4c7xk0zxrn
2022-07-30 23:15:38+00:00,1553519717637406722,@wani97xx Votar em Ciro e agora no Bozo...tenso hein???,Ciro, votar em ciro e agora no bozo...tenso hein???
2022-07-30 23:15:36+00:00,1553519708380479488,"@CentralEleicoes Central cirista, olha ai como estava lotado o salÃ£o.
20 mil cearenses.
A repercussÃ£o da central foi muito tÃ­mida.
RepercussÃ£o do lanÃ§amento da candidatura do candidato apoiado pelo Ciro foi mas barulhenta na central.
Depois nÃ£o reclama se a chamarem de ""central cirista"". https://t.co/KvAhQ6LmE6",Ciro," central cirista, olha ai como estava lotado o salÃ£o.20 mil cearenses.a repercussÃ£o da central foi muito tÃ­mida.repercussÃ£o do lanÃ§amento da candidatura do candidato apoiado pelo ciro foi mas barulhenta na central.depois nÃ£o reclama se a chamarem de ""central cirista"". .co/kvahq6lme6"
2022-07-30 23:15:26+00:00,1553519668199129090,"@flferronato Ferronato, Ã© verdade que o Ciro Nogueira, disse: "" LULA terÃ¡ de negociar se for eleito"". UÃ©, o Ciro jÃ¡ acredita na vitÃ³ria do Molusco. O Ciro Ã© traidor? Ã‰ melhor Jair Lubrificando.",Ciro," ferronato, Ã© verdade que o ciro nogueira, disse: "" lula terÃ¡ de negociar se for eleito"". uÃ©, o ciro jÃ¡ acredita na vitÃ³ria do molusco. o ciro Ã© traidor? Ã© melhor jair lubrificando."
2022-07-30 23:15:12+00:00,1553519607792771072,@AnaKurama12 Esse papo deles Ã© besta demais. Se eu quisesse que o Loola vencesse no primeiro ou segundo turno votaria nele e nÃ£o no Ciro. Acontece que eu quero o CIRO GOMES presidente!!! #CiroPresidente,Ciro, esse papo deles Ã© besta demais. se eu quisesse que o loola vencesse no primeiro ou segundo turno votaria nele e nÃ£o no ciro. acontece que eu quero o ciro gomes presidente!!! 
2022-07-30 23:15:01+00:00,1553519564763414528,"Nossa ÃšNICA VIA.
CIRO GOMES 12. https://t.co/NxYaNuEl0Q",Ciro,nossa Ãºnica via.ciro gomes 12. .co/nxyanuel0q
2022-07-30 23:15:01+00:00,1553519564503523328,"@gustavocanalhao Terra do Ciro entre aspas pq aquilo lÃ¡ nem nordestino Ã©.
Nascido em Pindamonhangaba nÃ£o Ã© nordestino. 
ğŸ¥€",Ciro, terra do ciro entre aspas pq aquilo lÃ¡ nem nordestino Ã©.nascido em pindamonhangaba nÃ£o Ã© nordestino. ğŸ¥€
2022-07-30 23:15:01+00:00,1553519563551146001,"â€˜Ciro no segundo turno sÃ³ como mesÃ¡rioâ€™, diz Renan Calheiros. https://t.co/L2WbO0jpGP",Ciro,"â€˜ciro no segundo turno sÃ³ como mesÃ¡rioâ€™, diz renan calheiros. .co/l2wbo0jpgp"
